PRAGMA foreign_keys=OFF;
BEGIN TRANSACTION;
CREATE TABLE IF NOT EXISTS "django_migrations" ("id" integer NOT NULL PRIMARY KEY AUTOINCREMENT, "app" varchar(255) NOT NULL, "name" varchar(255) NOT NULL, "applied" datetime NOT NULL);
INSERT INTO django_migrations VALUES(1,'contenttypes','0001_initial','2024-10-22 23:40:06.824552');
INSERT INTO django_migrations VALUES(2,'auth','0001_initial','2024-10-22 23:40:06.830086');
INSERT INTO django_migrations VALUES(3,'admin','0001_initial','2024-10-22 23:40:06.833749');
INSERT INTO django_migrations VALUES(4,'admin','0002_logentry_remove_auto_add','2024-10-22 23:40:06.838630');
INSERT INTO django_migrations VALUES(5,'admin','0003_logentry_add_action_flag_choices','2024-10-22 23:40:06.841641');
INSERT INTO django_migrations VALUES(6,'auth_app','0001_initial','2024-10-22 23:40:06.845813');
INSERT INTO django_migrations VALUES(7,'auth_app','0002_remove_userprofile_profile_pic_and_more','2024-10-22 23:40:06.851530');
INSERT INTO django_migrations VALUES(8,'auth_app','0003_userprofile_profile_bio','2024-10-22 23:40:06.855001');
INSERT INTO django_migrations VALUES(9,'api','0001_initial','2024-10-22 23:40:06.856839');
INSERT INTO django_migrations VALUES(10,'api','0002_debate_delete_user','2024-10-22 23:40:06.858228');
INSERT INTO django_migrations VALUES(11,'api','0003_rename_likes_debate_percentage','2024-10-22 23:40:06.860059');
INSERT INTO django_migrations VALUES(12,'api','0004_debate_userprofile','2024-10-22 23:40:06.864435');
INSERT INTO django_migrations VALUES(13,'api','0005_remove_debate_userprofile','2024-10-22 23:40:06.868772');
INSERT INTO django_migrations VALUES(14,'api','0004_comment','2024-10-22 23:40:06.873804');
INSERT INTO django_migrations VALUES(15,'api','0006_merge_0004_comment_0005_remove_debate_userprofile','2024-10-22 23:40:06.874445');
INSERT INTO django_migrations VALUES(16,'api','0007_debate_number_comments','2024-10-22 23:40:06.876931');
INSERT INTO django_migrations VALUES(17,'api','0008_alter_debate_number_comments','2024-10-22 23:40:06.879795');
INSERT INTO django_migrations VALUES(18,'api','0009_remove_debate_number_comments_debate_numbercomments','2024-10-22 23:40:06.884865');
INSERT INTO django_migrations VALUES(19,'api','0007_percentage','2024-10-22 23:40:06.886081');
INSERT INTO django_migrations VALUES(20,'api','0008_debate_numofpercentages','2024-10-22 23:40:06.889063');
INSERT INTO django_migrations VALUES(21,'api','0010_merge_20241019_2337','2024-10-22 23:40:06.889700');
INSERT INTO django_migrations VALUES(22,'api','0011_remove_percentage_debateid_and_more','2024-10-22 23:40:06.899810');
INSERT INTO django_migrations VALUES(23,'api','0012_alter_percentage_unique_together','2024-10-22 23:40:06.903272');
INSERT INTO django_migrations VALUES(24,'api','0013_alter_percentage_unique_together','2024-10-22 23:40:06.912613');
INSERT INTO django_migrations VALUES(25,'contenttypes','0002_remove_content_type_name','2024-10-22 23:40:06.921916');
INSERT INTO django_migrations VALUES(26,'auth','0002_alter_permission_name_max_length','2024-10-22 23:40:06.926991');
INSERT INTO django_migrations VALUES(27,'auth','0003_alter_user_email_max_length','2024-10-22 23:40:06.931555');
INSERT INTO django_migrations VALUES(28,'auth','0004_alter_user_username_opts','2024-10-22 23:40:06.935207');
INSERT INTO django_migrations VALUES(29,'auth','0005_alter_user_last_login_null','2024-10-22 23:40:06.940578');
INSERT INTO django_migrations VALUES(30,'auth','0006_require_contenttypes_0002','2024-10-22 23:40:06.941198');
INSERT INTO django_migrations VALUES(31,'auth','0007_alter_validators_add_error_messages','2024-10-22 23:40:06.944997');
INSERT INTO django_migrations VALUES(32,'auth','0008_alter_user_username_max_length','2024-10-22 23:40:06.950677');
INSERT INTO django_migrations VALUES(33,'auth','0009_alter_user_last_name_max_length','2024-10-22 23:40:06.955449');
INSERT INTO django_migrations VALUES(34,'auth','0010_alter_group_name_max_length','2024-10-22 23:40:06.960570');
INSERT INTO django_migrations VALUES(35,'auth','0011_update_proxy_permissions','2024-10-22 23:40:06.964779');
INSERT INTO django_migrations VALUES(36,'auth','0012_alter_user_first_name_max_length','2024-10-22 23:40:06.969488');
INSERT INTO django_migrations VALUES(37,'authtoken','0001_initial','2024-10-22 23:40:06.973519');
INSERT INTO django_migrations VALUES(38,'authtoken','0002_auto_20160226_1747','2024-10-22 23:40:06.985623');
INSERT INTO django_migrations VALUES(39,'authtoken','0003_tokenproxy','2024-10-22 23:40:06.986918');
INSERT INTO django_migrations VALUES(40,'authtoken','0004_alter_tokenproxy_options','2024-10-22 23:40:06.988956');
INSERT INTO django_migrations VALUES(41,'sessions','0001_initial','2024-10-22 23:40:06.990530');
INSERT INTO django_migrations VALUES(42,'api','0014_alter_percentage_user_and_more','2024-10-24 01:28:42.177418');
INSERT INTO django_migrations VALUES(43,'api','0015_alter_percentage_user','2024-10-24 01:28:42.184849');
INSERT INTO django_migrations VALUES(44,'api','0007_pinneddebates','2024-10-24 01:28:42.191201');
INSERT INTO django_migrations VALUES(45,'api','0014_merge_20241023_0939','2024-10-24 01:28:42.191826');
INSERT INTO django_migrations VALUES(46,'api','0016_merge_20241023_1130','2024-10-24 01:28:42.192600');
INSERT INTO django_migrations VALUES(47,'api','0017_alter_percentage_user','2024-10-24 01:28:42.196796');
INSERT INTO django_migrations VALUES(48,'api','0018_chatbot','2024-10-24 02:55:34.256443');
INSERT INTO django_migrations VALUES(49,'api','0019_chatbot_user','2024-10-24 10:48:47.815007');
INSERT INTO django_migrations VALUES(50,'api','0018_comment_username','2024-10-24 11:16:09.142873');
INSERT INTO django_migrations VALUES(51,'api','0019_comment_profilepicture','2024-10-24 11:16:09.148813');
INSERT INTO django_migrations VALUES(52,'api','0020_alter_debate_debateid','2024-10-24 11:16:09.152122');
INSERT INTO django_migrations VALUES(53,'api','0021_alter_debate_debateid','2024-10-24 11:16:09.155530');
INSERT INTO django_migrations VALUES(54,'api','0022_alter_debate_debateid','2024-10-24 11:16:09.158797');
INSERT INTO django_migrations VALUES(55,'api','0023_alter_comment_parent_debate','2024-10-24 11:16:09.164237');
INSERT INTO django_migrations VALUES(56,'api','0024_alter_debate_debateid','2024-10-24 11:16:09.167025');
INSERT INTO django_migrations VALUES(57,'api','0025_alter_comment_parent_debate','2024-10-24 11:16:09.173067');
INSERT INTO django_migrations VALUES(58,'api','0026_alter_comment_parent_debate_alter_debate_debateid','2024-10-24 11:16:09.179804');
INSERT INTO django_migrations VALUES(59,'api','0020_alter_chatbot_modelfile','2024-10-24 21:51:04.828922');
INSERT INTO django_migrations VALUES(60,'api','0027_merge_20241024_2141','2024-10-24 21:51:04.830497');
INSERT INTO django_migrations VALUES(61,'api','0028_alter_debate_debateid','2024-10-25 00:34:39.013368');
CREATE TABLE IF NOT EXISTS "auth_group_permissions" ("id" integer NOT NULL PRIMARY KEY AUTOINCREMENT, "group_id" integer NOT NULL REFERENCES "auth_group" ("id") DEFERRABLE INITIALLY DEFERRED, "permission_id" integer NOT NULL REFERENCES "auth_permission" ("id") DEFERRABLE INITIALLY DEFERRED);
CREATE TABLE IF NOT EXISTS "auth_user_groups" ("id" integer NOT NULL PRIMARY KEY AUTOINCREMENT, "user_id" integer NOT NULL REFERENCES "auth_user" ("id") DEFERRABLE INITIALLY DEFERRED, "group_id" integer NOT NULL REFERENCES "auth_group" ("id") DEFERRABLE INITIALLY DEFERRED);
CREATE TABLE IF NOT EXISTS "auth_user_user_permissions" ("id" integer NOT NULL PRIMARY KEY AUTOINCREMENT, "user_id" integer NOT NULL REFERENCES "auth_user" ("id") DEFERRABLE INITIALLY DEFERRED, "permission_id" integer NOT NULL REFERENCES "auth_permission" ("id") DEFERRABLE INITIALLY DEFERRED);
CREATE TABLE IF NOT EXISTS "django_admin_log" ("id" integer NOT NULL PRIMARY KEY AUTOINCREMENT, "object_id" text NULL, "object_repr" varchar(200) NOT NULL, "action_flag" smallint unsigned NOT NULL CHECK ("action_flag" >= 0), "change_message" text NOT NULL, "content_type_id" integer NULL REFERENCES "django_content_type" ("id") DEFERRABLE INITIALLY DEFERRED, "user_id" integer NOT NULL REFERENCES "auth_user" ("id") DEFERRABLE INITIALLY DEFERRED, "action_time" datetime NOT NULL);
INSERT INTO django_admin_log VALUES(1,'1','ChatBot object (1)',1,'[{"added": {}}]',12,1,'2024-10-24 12:25:38.457349');
INSERT INTO django_admin_log VALUES(2,'7','Anonymous: Delicious!!!',3,'',9,1,'2024-10-24 21:33:41.139825');
INSERT INTO django_admin_log VALUES(3,'6','Anonymous: h',3,'',9,1,'2024-10-24 21:33:41.139859');
INSERT INTO django_admin_log VALUES(4,'5','Anonymous: My life just got a whole lot b',3,'',9,1,'2024-10-24 21:33:41.139871');
INSERT INTO django_admin_log VALUES(5,'4','Anonymous: h',3,'',9,1,'2024-10-24 21:33:41.139881');
INSERT INTO django_admin_log VALUES(6,'3','Anonymous: h',3,'',9,1,'2024-10-24 21:33:41.139890');
INSERT INTO django_admin_log VALUES(7,'2','Anonymous: g',3,'',9,1,'2024-10-24 21:33:41.139900');
INSERT INTO django_admin_log VALUES(8,'1','Anonymous: g',3,'',9,1,'2024-10-24 21:33:41.139908');
INSERT INTO django_admin_log VALUES(9,'2','ChatBot object (2)',1,'[{"added": {}}]',12,1,'2024-10-24 21:44:05.737779');
INSERT INTO django_admin_log VALUES(10,'2','ChatBot object (2)',2,'[]',12,1,'2024-10-24 21:44:09.847987');
INSERT INTO django_admin_log VALUES(11,'1','ChatBot object (1)',2,'[]',12,1,'2024-10-24 21:44:15.067077');
INSERT INTO django_admin_log VALUES(12,'3','ChatBot object (3)',1,'[{"added": {}}]',12,1,'2024-10-24 21:44:48.186827');
INSERT INTO django_admin_log VALUES(13,'1','pineapple on pizza',2,'[{"changed": {"fields": ["Title"]}}]',8,5,'2024-10-25 01:37:09.461776');
INSERT INTO django_admin_log VALUES(14,'23','Anonymous: The earth''s spherical awesomen',3,'',9,5,'2024-10-25 01:37:53.108733');
INSERT INTO django_admin_log VALUES(15,'22','Anonymous: yes i agree',3,'',9,5,'2024-10-25 01:37:53.108755');
INSERT INTO django_admin_log VALUES(16,'21','Anonymous: Tasty combos never go out of s',3,'',9,5,'2024-10-25 01:37:53.108765');
INSERT INTO django_admin_log VALUES(17,'20','Anonymous: yes',3,'',9,5,'2024-10-25 01:37:53.108774');
INSERT INTO django_admin_log VALUES(18,'19','Anonymous: *sigh* Not my favorite, remind',3,'',9,5,'2024-10-25 01:37:53.108782');
INSERT INTO django_admin_log VALUES(19,'18','Anonymous: yes facts',3,'',9,5,'2024-10-25 01:37:53.108790');
INSERT INTO django_admin_log VALUES(20,'17','Anonymous: Just what the world was missin',3,'',9,5,'2024-10-25 01:37:53.108798');
INSERT INTO django_admin_log VALUES(21,'16','Anonymous: fre',3,'',9,5,'2024-10-25 01:37:53.108806');
INSERT INTO django_admin_log VALUES(22,'15','Anonymous: *sigh* A sacrilege... it hurts',3,'',9,5,'2024-10-25 01:37:53.108814');
INSERT INTO django_admin_log VALUES(23,'14','Anonymous: e',3,'',9,5,'2024-10-25 01:37:53.108822');
INSERT INTO django_admin_log VALUES(24,'13','Anonymous: Life is amazing!',3,'',9,5,'2024-10-25 01:37:53.108830');
INSERT INTO django_admin_log VALUES(25,'12','Anonymous: what',3,'',9,5,'2024-10-25 01:37:53.108837');
INSERT INTO django_admin_log VALUES(26,'11','Anonymous: Delicious life hack right ther',3,'',9,5,'2024-10-25 01:37:53.108845');
INSERT INTO django_admin_log VALUES(27,'10','Anonymous: no',3,'',9,5,'2024-10-25 01:37:53.108853');
INSERT INTO django_admin_log VALUES(28,'9','Anonymous: Deliciously wonderful combo!!!',3,'',9,5,'2024-10-25 01:37:53.108861');
INSERT INTO django_admin_log VALUES(29,'8','Anonymous: h',3,'',9,5,'2024-10-25 01:37:53.108869');
CREATE TABLE IF NOT EXISTS "auth_app_userprofile" ("id" integer NOT NULL PRIMARY KEY AUTOINCREMENT, "user_id" integer NOT NULL UNIQUE REFERENCES "auth_user" ("id") DEFERRABLE INITIALLY DEFERRED, "profile_picture" varchar(100) NULL, "profile_bio" text NULL);
INSERT INTO auth_app_userprofile VALUES(1,1,'',NULL);
INSERT INTO auth_app_userprofile VALUES(2,2,'',NULL);
INSERT INTO auth_app_userprofile VALUES(3,3,'',NULL);
INSERT INTO auth_app_userprofile VALUES(4,4,'',NULL);
INSERT INTO auth_app_userprofile VALUES(5,5,'images/KEBAB_copy_KiANKoD.png',NULL);
INSERT INTO auth_app_userprofile VALUES(6,6,'images/1_EKAWH3tIOEed1vSrzzhDpg.jpg',NULL);
CREATE TABLE IF NOT EXISTS "api_post" ("id" integer NOT NULL PRIMARY KEY AUTOINCREMENT, "title" varchar(100) NOT NULL, "content" text NOT NULL);
CREATE TABLE IF NOT EXISTS "django_content_type" ("id" integer NOT NULL PRIMARY KEY AUTOINCREMENT, "app_label" varchar(100) NOT NULL, "model" varchar(100) NOT NULL);
INSERT INTO django_content_type VALUES(1,'admin','logentry');
INSERT INTO django_content_type VALUES(2,'auth','permission');
INSERT INTO django_content_type VALUES(3,'auth','group');
INSERT INTO django_content_type VALUES(4,'auth','user');
INSERT INTO django_content_type VALUES(5,'contenttypes','contenttype');
INSERT INTO django_content_type VALUES(6,'sessions','session');
INSERT INTO django_content_type VALUES(7,'api','post');
INSERT INTO django_content_type VALUES(8,'api','debate');
INSERT INTO django_content_type VALUES(9,'api','comment');
INSERT INTO django_content_type VALUES(10,'api','percentage');
INSERT INTO django_content_type VALUES(11,'api','pinneddebates');
INSERT INTO django_content_type VALUES(12,'api','chatbot');
INSERT INTO django_content_type VALUES(13,'authtoken','token');
INSERT INTO django_content_type VALUES(14,'authtoken','tokenproxy');
INSERT INTO django_content_type VALUES(15,'auth_app','userprofile');
CREATE TABLE IF NOT EXISTS "auth_permission" ("id" integer NOT NULL PRIMARY KEY AUTOINCREMENT, "content_type_id" integer NOT NULL REFERENCES "django_content_type" ("id") DEFERRABLE INITIALLY DEFERRED, "codename" varchar(100) NOT NULL, "name" varchar(255) NOT NULL);
INSERT INTO auth_permission VALUES(1,1,'add_logentry','Can add log entry');
INSERT INTO auth_permission VALUES(2,1,'change_logentry','Can change log entry');
INSERT INTO auth_permission VALUES(3,1,'delete_logentry','Can delete log entry');
INSERT INTO auth_permission VALUES(4,1,'view_logentry','Can view log entry');
INSERT INTO auth_permission VALUES(5,2,'add_permission','Can add permission');
INSERT INTO auth_permission VALUES(6,2,'change_permission','Can change permission');
INSERT INTO auth_permission VALUES(7,2,'delete_permission','Can delete permission');
INSERT INTO auth_permission VALUES(8,2,'view_permission','Can view permission');
INSERT INTO auth_permission VALUES(9,3,'add_group','Can add group');
INSERT INTO auth_permission VALUES(10,3,'change_group','Can change group');
INSERT INTO auth_permission VALUES(11,3,'delete_group','Can delete group');
INSERT INTO auth_permission VALUES(12,3,'view_group','Can view group');
INSERT INTO auth_permission VALUES(13,4,'add_user','Can add user');
INSERT INTO auth_permission VALUES(14,4,'change_user','Can change user');
INSERT INTO auth_permission VALUES(15,4,'delete_user','Can delete user');
INSERT INTO auth_permission VALUES(16,4,'view_user','Can view user');
INSERT INTO auth_permission VALUES(17,5,'add_contenttype','Can add content type');
INSERT INTO auth_permission VALUES(18,5,'change_contenttype','Can change content type');
INSERT INTO auth_permission VALUES(19,5,'delete_contenttype','Can delete content type');
INSERT INTO auth_permission VALUES(20,5,'view_contenttype','Can view content type');
INSERT INTO auth_permission VALUES(21,6,'add_session','Can add session');
INSERT INTO auth_permission VALUES(22,6,'change_session','Can change session');
INSERT INTO auth_permission VALUES(23,6,'delete_session','Can delete session');
INSERT INTO auth_permission VALUES(24,6,'view_session','Can view session');
INSERT INTO auth_permission VALUES(25,7,'add_post','Can add post');
INSERT INTO auth_permission VALUES(26,7,'change_post','Can change post');
INSERT INTO auth_permission VALUES(27,7,'delete_post','Can delete post');
INSERT INTO auth_permission VALUES(28,7,'view_post','Can view post');
INSERT INTO auth_permission VALUES(29,8,'add_debate','Can add debate');
INSERT INTO auth_permission VALUES(30,8,'change_debate','Can change debate');
INSERT INTO auth_permission VALUES(31,8,'delete_debate','Can delete debate');
INSERT INTO auth_permission VALUES(32,8,'view_debate','Can view debate');
INSERT INTO auth_permission VALUES(33,9,'add_comment','Can add comment');
INSERT INTO auth_permission VALUES(34,9,'change_comment','Can change comment');
INSERT INTO auth_permission VALUES(35,9,'delete_comment','Can delete comment');
INSERT INTO auth_permission VALUES(36,9,'view_comment','Can view comment');
INSERT INTO auth_permission VALUES(37,10,'add_percentage','Can add percentage');
INSERT INTO auth_permission VALUES(38,10,'change_percentage','Can change percentage');
INSERT INTO auth_permission VALUES(39,10,'delete_percentage','Can delete percentage');
INSERT INTO auth_permission VALUES(40,10,'view_percentage','Can view percentage');
INSERT INTO auth_permission VALUES(41,11,'add_pinneddebates','Can add pinned debates');
INSERT INTO auth_permission VALUES(42,11,'change_pinneddebates','Can change pinned debates');
INSERT INTO auth_permission VALUES(43,11,'delete_pinneddebates','Can delete pinned debates');
INSERT INTO auth_permission VALUES(44,11,'view_pinneddebates','Can view pinned debates');
INSERT INTO auth_permission VALUES(45,12,'add_chatbot','Can add chat bot');
INSERT INTO auth_permission VALUES(46,12,'change_chatbot','Can change chat bot');
INSERT INTO auth_permission VALUES(47,12,'delete_chatbot','Can delete chat bot');
INSERT INTO auth_permission VALUES(48,12,'view_chatbot','Can view chat bot');
INSERT INTO auth_permission VALUES(49,13,'add_token','Can add Token');
INSERT INTO auth_permission VALUES(50,13,'change_token','Can change Token');
INSERT INTO auth_permission VALUES(51,13,'delete_token','Can delete Token');
INSERT INTO auth_permission VALUES(52,13,'view_token','Can view Token');
INSERT INTO auth_permission VALUES(53,14,'add_tokenproxy','Can add Token');
INSERT INTO auth_permission VALUES(54,14,'change_tokenproxy','Can change Token');
INSERT INTO auth_permission VALUES(55,14,'delete_tokenproxy','Can delete Token');
INSERT INTO auth_permission VALUES(56,14,'view_tokenproxy','Can view Token');
INSERT INTO auth_permission VALUES(57,15,'add_userprofile','Can add user profile');
INSERT INTO auth_permission VALUES(58,15,'change_userprofile','Can change user profile');
INSERT INTO auth_permission VALUES(59,15,'delete_userprofile','Can delete user profile');
INSERT INTO auth_permission VALUES(60,15,'view_userprofile','Can view user profile');
CREATE TABLE IF NOT EXISTS "auth_group" ("id" integer NOT NULL PRIMARY KEY AUTOINCREMENT, "name" varchar(150) NOT NULL UNIQUE);
CREATE TABLE IF NOT EXISTS "auth_user" ("id" integer NOT NULL PRIMARY KEY AUTOINCREMENT, "password" varchar(128) NOT NULL, "last_login" datetime NULL, "is_superuser" bool NOT NULL, "username" varchar(150) NOT NULL UNIQUE, "last_name" varchar(150) NOT NULL, "email" varchar(254) NOT NULL, "is_staff" bool NOT NULL, "is_active" bool NOT NULL, "date_joined" datetime NOT NULL, "first_name" varchar(150) NOT NULL);
INSERT INTO auth_user VALUES(1,'pbkdf2_sha256$870000$NBwGKBxHccAxnZdBchirjh$FBmbbi1aJdRZFiq31t+wJW1r79nnkhXor+T4BDGyRdY=','2024-10-24 12:25:02.228603',1,'elliot','','',1,1,'2024-10-24 12:24:58.772190','');
INSERT INTO auth_user VALUES(2,'chatbot_password',NULL,0,'AI Jerry','','default@default.com',0,1,'2024-10-24 12:26:38.542249','');
INSERT INTO auth_user VALUES(3,'chatbot_password',NULL,0,'AI Susan','','default@default.com',0,1,'2024-10-24 21:44:57.633038','');
INSERT INTO auth_user VALUES(4,'chatbot_password',NULL,0,'AI Jan','','default@default.com',0,1,'2024-10-24 21:44:57.647044','');
INSERT INTO auth_user VALUES(5,'pbkdf2_sha256$870000$e2OTtsqEnS9JTIc97oqxwp$Tx5dHp7wc3yqk4lugJrjS/kUkCPlFGEZ4ott6gWx6k0=','2024-10-25 01:36:54.487499',1,'phoebestage','','',1,1,'2024-10-25 01:34:14.373822','');
INSERT INTO auth_user VALUES(6,'pbkdf2_sha256$870000$m54NZ03sgcags4BxlkxKgt$QAw1XEKTTzkr3E/ZWNccZOf38E2Ho3jZAQuW3zhkfN8=',NULL,0,'johnny','','johnny@gmail.com',0,1,'2024-10-25 01:36:13.088604','');
CREATE TABLE IF NOT EXISTS "authtoken_token" ("key" varchar(40) NOT NULL PRIMARY KEY, "created" datetime NOT NULL, "user_id" integer NOT NULL UNIQUE REFERENCES "auth_user" ("id") DEFERRABLE INITIALLY DEFERRED);
CREATE TABLE IF NOT EXISTS "django_session" ("session_key" varchar(40) NOT NULL PRIMARY KEY, "session_data" text NOT NULL, "expire_date" datetime NOT NULL);
CREATE TABLE IF NOT EXISTS "api_pinneddebates" ("id" integer NOT NULL PRIMARY KEY AUTOINCREMENT, "debate_id" bigint NOT NULL REFERENCES "api_debate" ("id") DEFERRABLE INITIALLY DEFERRED, "user_id" integer NOT NULL REFERENCES "auth_user" ("id") DEFERRABLE INITIALLY DEFERRED);
CREATE TABLE IF NOT EXISTS "api_percentage" ("id" integer NOT NULL PRIMARY KEY AUTOINCREMENT, "percentage" integer NOT NULL, "debate_id" bigint NULL REFERENCES "api_debate" ("id") DEFERRABLE INITIALLY DEFERRED, "user" varchar(150) NOT NULL);
INSERT INTO api_percentage VALUES(1,27,2,'johnny');
CREATE TABLE IF NOT EXISTS "api_comment" ("comment_id" integer NOT NULL PRIMARY KEY AUTOINCREMENT, "date" datetime NOT NULL, "content" text NOT NULL, "num_likes" integer NOT NULL, "depth" integer NOT NULL, "user_id" integer NULL REFERENCES "auth_user" ("id") DEFERRABLE INITIALLY DEFERRED, "username" text NULL, "profilepicture" text NULL, "parent_debate_id" bigint NOT NULL REFERENCES "api_debate" ("id") DEFERRABLE INITIALLY DEFERRED, "parent_comment_id" integer NULL REFERENCES "api_comment" ("comment_id") DEFERRABLE INITIALLY DEFERRED);
INSERT INTO api_comment VALUES(24,'2024-10-25 01:38:00.416474','yes i agree',0,0,NULL,'johnny','/media/images/1_EKAWH3tIOEed1vSrzzhDpg.jpg',1,NULL);
INSERT INTO api_comment VALUES(25,'2024-10-25 01:38:01.686811','Wow, a match made in culinary heaven... NOT.',0,0,NULL,'AI Jan',NULL,1,NULL);
CREATE TABLE IF NOT EXISTS "api_chatbot" ("id" integer NOT NULL PRIMARY KEY AUTOINCREMENT, "bot_id" integer NOT NULL, "name" varchar(100) NOT NULL, "user_id" integer NULL REFERENCES "auth_user" ("id") DEFERRABLE INITIALLY DEFERRED, "modelfile" text NOT NULL);
INSERT INTO api_chatbot VALUES(1,1,'Jerry',2,replace(replace('FROM llama3.1\r\nPARAMETER temperature 100\r\nSYSTEM "you are happy. reply short happy sentences"','\r',char(13)),'\n',char(10)));
INSERT INTO api_chatbot VALUES(2,2,'Susan',3,replace(replace('FROM llama3.1\r\nPARAMETER temperature 100\r\nSYSTEM "you are sad. reply to things in short sad sentences"','\r',char(13)),'\n',char(10)));
INSERT INTO api_chatbot VALUES(3,3,'Jan',4,replace(replace('FROM llama3.1\r\nPARAMETER temperature 100\r\nSYSTEM "you are sarcastic. reply in short sarcastic sentences"','\r',char(13)),'\n',char(10)));
CREATE TABLE IF NOT EXISTS "api_debate" ("id" integer NOT NULL PRIMARY KEY AUTOINCREMENT, "creatorUserName" varchar(50) NOT NULL, "title" varchar(100) NOT NULL, "content" varchar(1000) NOT NULL, "created_at" datetime NOT NULL, "percentage" integer NOT NULL, "numberComments" integer NOT NULL, "numOfPercentages" integer NOT NULL, "debateId" integer NOT NULL);
INSERT INTO api_debate VALUES(1,'elliot','pineapple on pizza','pizza on pineapple','2024-10-24 12:25:53.539804',0,2,0,1);
INSERT INTO api_debate VALUES(2,'phoebestage','im a flatearther','the earth is clearly flat','2024-10-25 01:34:47.918678',0,0,0,2);
INSERT INTO api_debate VALUES(3,'johnny','mushrooms are the worst','mushrooms are the worst','2024-10-25 01:36:42.832623',0,0,0,3);
DELETE FROM sqlite_sequence;
INSERT INTO sqlite_sequence VALUES('django_migrations',60);
INSERT INTO sqlite_sequence VALUES('django_admin_log',29);
INSERT INTO sqlite_sequence VALUES('django_content_type',15);
INSERT INTO sqlite_sequence VALUES('auth_permission',60);
INSERT INTO sqlite_sequence VALUES('auth_group',0);
INSERT INTO sqlite_sequence VALUES('auth_user',6);
INSERT INTO sqlite_sequence VALUES('auth_app_userprofile',6);
INSERT INTO sqlite_sequence VALUES('api_percentage',1);
INSERT INTO sqlite_sequence VALUES('api_chatbot',3);
INSERT INTO sqlite_sequence VALUES('api_comment',25);
INSERT INTO sqlite_sequence VALUES('api_debate',3);
CREATE UNIQUE INDEX "auth_group_permissions_group_id_permission_id_0cd325b0_uniq" ON "auth_group_permissions" ("group_id", "permission_id");
CREATE INDEX "auth_group_permissions_group_id_b120cbf9" ON "auth_group_permissions" ("group_id");
CREATE INDEX "auth_group_permissions_permission_id_84c5c92e" ON "auth_group_permissions" ("permission_id");
CREATE UNIQUE INDEX "auth_user_groups_user_id_group_id_94350c0c_uniq" ON "auth_user_groups" ("user_id", "group_id");
CREATE INDEX "auth_user_groups_user_id_6a12ed8b" ON "auth_user_groups" ("user_id");
CREATE INDEX "auth_user_groups_group_id_97559544" ON "auth_user_groups" ("group_id");
CREATE UNIQUE INDEX "auth_user_user_permissions_user_id_permission_id_14a6b632_uniq" ON "auth_user_user_permissions" ("user_id", "permission_id");
CREATE INDEX "auth_user_user_permissions_user_id_a95ead1b" ON "auth_user_user_permissions" ("user_id");
CREATE INDEX "auth_user_user_permissions_permission_id_1fbb5f2c" ON "auth_user_user_permissions" ("permission_id");
CREATE INDEX "django_admin_log_content_type_id_c4bce8eb" ON "django_admin_log" ("content_type_id");
CREATE INDEX "django_admin_log_user_id_c564eba6" ON "django_admin_log" ("user_id");
CREATE UNIQUE INDEX "django_content_type_app_label_model_76bd3d3b_uniq" ON "django_content_type" ("app_label", "model");
CREATE UNIQUE INDEX "auth_permission_content_type_id_codename_01ab375a_uniq" ON "auth_permission" ("content_type_id", "codename");
CREATE INDEX "auth_permission_content_type_id_2f476e4b" ON "auth_permission" ("content_type_id");
CREATE INDEX "django_session_expire_date_a5c62663" ON "django_session" ("expire_date");
CREATE INDEX "api_pinneddebates_debate_id_bf2b112b" ON "api_pinneddebates" ("debate_id");
CREATE INDEX "api_pinneddebates_user_id_c9aa5a6e" ON "api_pinneddebates" ("user_id");
CREATE UNIQUE INDEX "api_percentage_user_debate_id_73077b46_uniq" ON "api_percentage" ("user", "debate_id");
CREATE INDEX "api_percentage_debate_id_fed02528" ON "api_percentage" ("debate_id");
CREATE INDEX "api_comment_user_id_14315666" ON "api_comment" ("user_id");
CREATE INDEX "api_comment_parent_debate_id_af335dc2" ON "api_comment" ("parent_debate_id");
CREATE INDEX "api_comment_parent_comment_id_775aa873" ON "api_comment" ("parent_comment_id");
CREATE INDEX "api_chatbot_user_id_0965759c" ON "api_chatbot" ("user_id");
COMMIT;
